Geo_NAME,Geo_QName,Geo_FIPS,Geo_SUMLEV,Geo_GEOCOMP,Geo_STATE,Geo_COUNTY,Geo_COUNTYSC,Geo_COUSUB,Geo_CT,SE_T001_001,SE_T008_001,SE_T008_002,SE_T008_003,SE_T008_004,SE_T008_005,SE_T008_006,SE_T008_007,SE_T008_008,SE_T008_009,SE_T008_010,SE_T008_011,SE_T008_012,SE_T008_013,Race-Total,Race-White,Race-Black,SE_T054_004,SE_T054_005,SE_T054_006,SE_T054_007,SE_T054_008,SE_T069_001,SE_T069_002,SE_T069_003
Census Tract 2101,"Census Tract 2101, St. Louis County, Missouri",29189210100,140,0,29,189,20,,210100,6017,6017,416,459,530,456,602,692,734,823,679,328,214,84,6017,1924,3883,12,19,3,34,142,2204,1344,860
Census Tract 2102,"Census Tract 2102, St. Louis County, Missouri",29189210200,140,0,29,189,20,,210200,6441,6441,582,767,728,386,638,846,835,655,490,246,203,65,6441,1086,5184,5,11,0,15,140,2156,1273,883
Census Tract 2103,"Census Tract 2103, St. Louis County, Missouri",29189210300,140,0,29,189,20,,210300,3466,3466,301,258,274,182,371,482,439,526,314,150,120,49,3466,946,2426,6,12,0,10,66,1365,781,584
Census Tract 2104,"Census Tract 2104, St. Louis County, Missouri",29189210400,140,0,29,189,20,,210400,4363,4363,216,228,269,219,334,477,598,746,670,309,206,91,4363,372,3946,3,6,1,5,30,1928,1470,458
Census Tract 2105.01,"Census Tract 2105.01, St. Louis County, Missouri",29189210501,140,0,29,189,20,,210501,3667,3667,257,282,306,249,364,387,425,479,457,314,104,43,3667,151,3456,2,9,0,1,48,1194,894,300
Census Tract 2105.02,"Census Tract 2105.02, St. Louis County, Missouri",29189210502,140,0,29,189,20,,210502,4049,4049,298,321,318,264,419,459,474,570,496,290,108,32,4049,212,3748,5,8,0,8,68,1397,949,448
Census Tract 2106,"Census Tract 2106, St. Louis County, Missouri",29189210600,140,0,29,189,20,,210600,6740,6740,384,418,427,297,502,765,916,1092,894,411,385,249,6740,2086,4532,11,9,0,20,82,2588,2097,491
Census Tract 2107.02,"Census Tract 2107.02, St. Louis County, Missouri",29189210702,140,0,29,189,20,,210702,6111,6111,512,401,479,326,683,748,826,818,582,324,245,167,6111,1154,4759,18,19,1,24,136,2447,1406,1041
Census Tract 2107.03,"Census Tract 2107.03, St. Louis County, Missouri",29189210703,140,0,29,189,20,,210703,3914,3914,228,264,348,201,344,415,522,591,508,279,153,61,3914,843,2948,10,16,2,6,89,1641,935,706
Census Tract 2107.04,"Census Tract 2107.04, St. Louis County, Missouri",29189210704,140,0,29,189,20,,210704,4133,4133,452,424,352,226,466,699,499,471,298,166,68,12,4133,301,3695,6,22,0,9,100,1607,451,1156
Census Tract 2108.03,"Census Tract 2108.03, St. Louis County, Missouri",29189210803,140,0,29,189,20,,210803,4881,4881,178,244,315,254,358,398,563,768,672,428,406,297,4881,1986,2739,8,44,0,14,90,2057,1588,469
Census Tract 2108.04,"Census Tract 2108.04, St. Louis County, Missouri",29189210804,140,0,29,189,20,,210804,9297,9297,488,555,693,468,772,904,1271,1367,1343,820,422,194,9297,1355,7691,12,77,1,28,133,3496,2940,556
Census Tract 2108.05,"Census Tract 2108.05, St. Louis County, Missouri",29189210805,140,0,29,189,20,,210805,6364,6364,380,352,382,278,583,720,728,974,896,563,340,168,6364,961,5225,12,11,1,15,139,2499,1827,672
Census Tract 2108.06,"Census Tract 2108.06, St. Louis County, Missouri",29189210806,140,0,29,189,20,,210806,6004,6004,314,386,449,317,570,622,750,885,910,524,225,52,6004,587,5293,7,12,3,13,89,2231,1832,399
Census Tract 2109.12,"Census Tract 2109.12, St. Louis County, Missouri",29189210912,140,0,29,189,20,,210912,7022,7022,298,395,530,335,549,594,864,1297,1074,593,373,120,7022,3341,3361,12,121,4,56,127,2681,2485,196
Census Tract 2109.21,"Census Tract 2109.21, St. Louis County, Missouri",29189210921,140,0,29,189,20,,210921,4141,4141,246,319,347,236,361,521,592,721,508,172,87,31,4141,2082,1805,1,78,0,39,136,1497,1286,211
Census Tract 2109.23,"Census Tract 2109.23, St. Louis County, Missouri",29189210923,140,0,29,189,20,,210923,5300,5300,398,369,383,255,405,729,787,757,549,384,222,62,5300,3495,1618,7,39,2,39,100,1934,1718,216
Census Tract 2109.24,"Census Tract 2109.24, St. Louis County, Missouri",29189210924,140,0,29,189,20,,210924,4576,4576,302,341,404,227,386,606,683,641,544,274,126,42,4576,1999,2287,14,69,4,55,148,1722,1266,456
Census Tract 2109.25,"Census Tract 2109.25, St. Louis County, Missouri",29189210925,140,0,29,189,20,,210925,5333,5333,308,386,423,254,526,755,690,815,525,372,223,56,5333,2901,2164,8,49,2,38,171,2104,1484,620
Census Tract 2109.26,"Census Tract 2109.26, St. Louis County, Missouri",29189210926,140,0,29,189,20,,210926,2688,2688,178,192,217,133,227,354,329,407,278,211,137,25,2688,2019,547,10,22,1,20,69,963,889,74
Census Tract 2109.27,"Census Tract 2109.27, St. Louis County, Missouri",29189210927,140,0,29,189,20,,210927,4665,4665,161,230,353,220,373,295,494,955,912,424,192,56,4665,2196,2292,9,65,7,16,80,1695,1656,39
Census Tract 2109.28,"Census Tract 2109.28, St. Louis County, Missouri",29189210928,140,0,29,189,20,,210928,4333,4333,212,271,351,260,397,380,617,840,655,220,100,30,4333,1688,2411,1,102,0,30,101,1485,1419,66
Census Tract 2110,"Census Tract 2110, St. Louis County, Missouri",29189211000,140,0,29,189,20,,211000,7414,7414,405,470,527,375,631,820,937,1111,886,499,546,207,7414,4199,2964,10,67,1,45,128,3001,2237,764
Census Tract 2111.01,"Census Tract 2111.01, St. Louis County, Missouri",29189211101,140,0,29,189,20,,211101,6959,6959,524,465,488,282,600,1095,827,933,747,399,377,222,6959,4579,2092,15,30,2,42,199,2877,2059,818
Census Tract 2111.02,"Census Tract 2111.02, St. Louis County, Missouri",29189211102,140,0,29,189,20,,211102,5006,5006,238,238,295,275,523,569,522,682,673,430,401,160,5006,2128,2743,9,31,0,19,76,2217,1279,938
Census Tract 2112.01,"Census Tract 2112.01, St. Louis County, Missouri",29189211201,140,0,29,189,20,,211201,5109,5109,311,307,311,200,485,795,620,828,585,296,273,98,5109,2926,1955,19,21,5,68,115,2438,1280,1158
Census Tract 2112.02,"Census Tract 2112.02, St. Louis County, Missouri",29189211202,140,0,29,189,20,,211202,3421,3421,219,189,186,117,236,537,334,544,383,217,277,182,3421,3072,261,6,6,1,12,63,1459,1235,224
Census Tract 2113.01,"Census Tract 2113.01, St. Louis County, Missouri",29189211301,140,0,29,189,20,,211301,6114,6114,430,427,359,220,469,993,741,915,629,401,398,132,6114,5295,577,14,44,0,40,144,2427,2166,261
Census Tract 2113.31,"Census Tract 2113.31, St. Louis County, Missouri",29189211331,140,0,29,189,20,,211331,6352,6352,372,413,387,261,624,834,832,956,739,442,353,139,6352,5059,997,21,86,4,25,160,2434,1930,504
Census Tract 2113.32,"Census Tract 2113.32, St. Louis County, Missouri",29189211332,140,0,29,189,20,,211332,6483,6483,439,390,455,312,555,894,822,997,666,514,362,77,6483,5122,950,13,94,4,102,198,2515,1983,532
Census Tract 2113.33,"Census Tract 2113.33, St. Louis County, Missouri",29189211333,140,0,29,189,20,,211333,5148,5148,264,289,348,266,536,599,532,968,703,310,234,99,5148,3467,1407,13,120,0,25,116,2216,1224,992
Census Tract 2113.34,"Census Tract 2113.34, St. Louis County, Missouri",29189211334,140,0,29,189,20,,211334,4111,4111,260,258,311,211,328,534,499,583,482,290,258,97,4111,3340,630,8,30,2,14,87,1622,1288,334
Census Tract 2114.01,"Census Tract 2114.01, St. Louis County, Missouri",29189211401,140,0,29,189,20,,211401,5329,5329,359,267,260,192,574,931,673,784,560,363,282,84,5329,3855,1146,13,95,0,94,126,2528,1366,1162
Census Tract 2114.02,"Census Tract 2114.02, St. Louis County, Missouri",29189211402,140,0,29,189,20,,211402,2211,2211,129,87,78,70,250,520,289,357,245,120,54,12,2211,1089,1041,4,27,0,14,36,1209,368,841
Census Tract 2115,"Census Tract 2115, St. Louis County, Missouri",29189211500,140,0,29,189,20,,211500,3494,3494,245,322,308,256,342,407,458,392,352,257,114,41,3494,208,3190,14,10,1,17,54,1195,700,495
Census Tract 2116,"Census Tract 2116, St. Louis County, Missouri",29189211600,140,0,29,189,20,,211600,6200,6200,448,468,512,358,587,854,829,878,633,322,231,80,6200,2564,3303,27,31,8,75,192,2302,1622,680
Census Tract 2117,"Census Tract 2117, St. Louis County, Missouri",29189211700,140,0,29,189,20,,211700,3985,3985,245,268,278,188,353,474,471,657,508,253,198,92,3985,1668,2118,33,27,1,20,118,1555,1235,320
Census Tract 2118.01,"Census Tract 2118.01, St. Louis County, Missouri",29189211801,140,0,29,189,20,,211801,3965,3965,335,319,310,222,454,458,526,586,414,181,128,32,3965,516,3310,12,17,0,22,88,1475,942,533
Census Tract 2118.02,"Census Tract 2118.02, St. Louis County, Missouri",29189211802,140,0,29,189,20,,211802,3843,3843,304,245,315,237,446,485,563,588,320,166,138,36,3843,601,3148,6,17,0,5,66,1473,981,492
Census Tract 2119,"Census Tract 2119, St. Louis County, Missouri",29189211900,140,0,29,189,20,,211900,5454,5454,633,546,433,310,638,862,542,670,427,219,123,51,5454,380,4982,9,6,0,8,69,2093,553,1540
Census Tract 2120.01,"Census Tract 2120.01, St. Louis County, Missouri",29189212001,140,0,29,189,20,,212001,7506,7506,451,520,516,410,766,877,896,1183,1002,486,274,125,7506,737,6635,10,18,0,17,89,3056,1900,1156
Census Tract 2120.02,"Census Tract 2120.02, St. Louis County, Missouri",29189212002,140,0,29,189,20,,212002,3850,3850,447,351,296,192,572,561,434,449,323,144,58,23,3850,157,3623,8,5,1,5,51,1477,421,1056
Census Tract 2121.01,"Census Tract 2121.01, St. Louis County, Missouri",29189212101,140,0,29,189,20,,212101,4401,4401,359,358,346,233,484,660,534,644,458,199,97,29,4401,359,3945,12,6,0,14,65,1629,818,811
Census Tract 2121.02,"Census Tract 2121.02, St. Louis County, Missouri",29189212102,140,0,29,189,20,,212102,3101,3101,231,318,336,199,326,412,382,377,311,107,73,29,3101,197,2851,4,0,0,10,39,1087,553,534
Census Tract 2122,"Census Tract 2122, St. Louis County, Missouri",29189212200,140,0,29,189,20,,212200,6778,6778,448,485,496,358,586,821,727,896,824,663,356,118,6778,218,6437,14,13,1,10,85,2566,1684,882
Census Tract 2123,"Census Tract 2123, St. Louis County, Missouri",29189212300,140,0,29,189,20,,212300,5037,5037,386,293,232,142,588,752,563,814,702,368,139,58,5037,814,4057,11,44,1,22,88,2441,946,1495
Census Tract 2124,"Census Tract 2124, St. Louis County, Missouri",29189212400,140,0,29,189,20,,212400,2349,2349,183,191,236,151,212,295,275,337,228,113,88,40,2349,333,1948,11,24,0,0,33,808,499,309
Census Tract 2125,"Census Tract 2125, St. Louis County, Missouri",29189212500,140,0,29,189,20,,212500,5071,5071,376,370,358,278,523,626,617,780,576,274,189,104,5071,1278,3672,22,24,0,11,64,1996,1209,787
Census Tract 2126,"Census Tract 2126, St. Louis County, Missouri",29189212600,140,0,29,189,20,,212600,4671,4671,336,314,307,244,423,581,582,769,573,296,170,76,4671,2012,2508,10,23,2,35,81,1809,1352,457
Census Tract 2127,"Census Tract 2127, St. Louis County, Missouri",29189212700,140,0,29,189,20,,212700,5670,5670,444,455,472,353,550,740,714,776,657,307,143,59,5670,1498,3979,10,19,1,32,131,2112,1322,790
Census Tract 2131.01,"Census Tract 2131.01, St. Louis County, Missouri",29189213101,140,0,29,189,20,,213101,4606,4606,281,226,240,162,361,621,453,675,553,436,309,289,4606,3274,1011,11,77,1,144,88,1897,991,906
Census Tract 2131.02,"Census Tract 2131.02, St. Louis County, Missouri",29189213102,140,0,29,189,20,,213102,411,411,11,15,17,11,33,43,42,83,68,61,22,5,411,353,37,0,8,0,0,13,226,184,42
Census Tract 2132.02,"Census Tract 2132.02, St. Louis County, Missouri",29189213202,140,0,29,189,20,,213202,6811,6811,436,343,378,230,554,1108,848,985,790,551,406,182,6811,5276,606,19,676,1,86,147,2732,2018,714
Census Tract 2132.03,"Census Tract 2132.03, St. Louis County, Missouri",29189213203,140,0,29,189,20,,213203,4759,4759,172,194,269,225,341,399,439,907,704,544,390,175,4759,4151,376,17,103,1,37,74,1960,1785,175
Census Tract 2132.04,"Census Tract 2132.04, St. Louis County, Missouri",29189213204,140,0,29,189,20,,213204,3869,3869,267,267,247,141,421,627,496,552,326,206,192,127,3869,2205,816,2,354,3,388,101,1495,789,706
Census Tract 2133,"Census Tract 2133, St. Louis County, Missouri",29189213300,140,0,29,189,20,,213300,7213,7213,579,516,482,299,753,1280,928,1045,691,349,214,77,7213,3916,2549,25,133,2,325,263,3179,1237,1942
Census Tract 2134,"Census Tract 2134, St. Louis County, Missouri",29189213400,140,0,29,189,20,,213400,6669,6669,540,482,419,277,608,1086,844,992,711,349,268,93,6669,3811,2197,19,94,2,324,222,2707,1785,922
Census Tract 2135,"Census Tract 2135, St. Louis County, Missouri",29189213500,140,0,29,189,20,,213500,4983,4983,312,304,339,214,434,732,663,791,541,315,222,116,4983,3429,1174,17,86,4,123,150,2003,1495,508
Census Tract 2136,"Census Tract 2136, St. Louis County, Missouri",29189213600,140,0,29,189,20,,213600,4446,4446,405,338,304,237,622,562,467,621,465,233,137,55,4446,629,3658,16,15,1,41,86,1731,659,1072
Census Tract 2137,"Census Tract 2137, St. Louis County, Missouri",29189213700,140,0,29,189,20,,213700,5484,5484,369,265,242,167,1211,679,497,731,694,384,178,67,5484,1766,3225,13,280,1,64,135,2208,1282,926
Census Tract 2138,"Census Tract 2138, St. Louis County, Missouri",29189213800,140,0,29,189,20,,213800,5778,5778,414,388,447,305,566,653,696,800,704,493,244,68,5778,133,5543,12,4,0,16,70,2210,1363,847
Census Tract 2139,"Census Tract 2139, St. Louis County, Missouri",29189213900,140,0,29,189,20,,213900,2189,2189,221,213,241,156,248,257,262,262,147,107,58,17,2189,24,2120,3,5,0,2,35,734,252,482
Census Tract 2141,"Census Tract 2141, St. Louis County, Missouri",29189214100,140,0,29,189,20,,214100,1458,1458,106,151,132,82,132,201,183,170,139,94,61,7,1458,46,1377,3,0,0,5,27,505,270,235
Census Tract 2142,"Census Tract 2142, St. Louis County, Missouri",29189214200,140,0,29,189,20,,214200,3370,3370,220,252,269,203,351,388,397,521,430,209,102,28,3370,274,2991,5,12,1,16,71,1274,720,554
Census Tract 2143,"Census Tract 2143, St. Louis County, Missouri",29189214300,140,0,29,189,20,,214300,4052,4052,335,267,252,210,406,646,508,564,457,223,137,47,4052,1295,2535,18,11,0,80,113,1613,938,675
Census Tract 2144,"Census Tract 2144, St. Louis County, Missouri",29189214400,140,0,29,189,20,,214400,5082,5082,378,276,295,205,517,833,649,873,604,246,149,57,5082,3596,956,16,98,1,230,185,2102,1337,765
Census Tract 2145,"Census Tract 2145, St. Louis County, Missouri",29189214500,140,0,29,189,20,,214500,3089,3089,207,156,158,93,229,455,402,512,408,224,168,77,3089,2170,508,5,222,0,104,80,1371,990,381
Census Tract 2146.01,"Census Tract 2146.01, St. Louis County, Missouri",29189214601,140,0,29,189,20,,214601,3958,3958,272,221,245,151,349,604,509,630,465,243,181,88,3958,2930,655,12,99,0,131,131,1683,1042,641
Census Tract 2146.02,"Census Tract 2146.02, St. Louis County, Missouri",29189214602,140,0,29,189,20,,214602,4141,4141,335,277,211,132,415,696,493,651,465,236,154,76,4141,3087,662,16,77,0,168,131,1720,1300,420
Census Tract 2147,"Census Tract 2147, St. Louis County, Missouri",29189214700,140,0,29,189,20,,214700,6881,6881,478,441,451,315,595,1064,852,1010,776,415,322,162,6881,4597,1560,28,113,7,371,205,2795,1837,958
Census Tract 2148,"Census Tract 2148, St. Louis County, Missouri",29189214800,140,0,29,189,20,,214800,5571,5571,311,341,326,217,430,823,671,906,678,364,349,155,5571,4233,854,19,83,0,222,160,2529,1598,931
Census Tract 2149,"Census Tract 2149, St. Louis County, Missouri",29189214900,140,0,29,189,20,,214900,6172,6172,429,336,366,208,619,1014,770,978,700,355,296,101,6172,4254,1297,23,281,4,169,144,2650,1492,1158
Census Tract 2150.01,"Census Tract 2150.01, St. Louis County, Missouri",29189215001,140,0,29,189,20,,215001,2645,2645,175,114,119,90,301,691,363,316,245,139,80,12,2645,1682,217,5,614,5,51,71,1264,546,718
Census Tract 2150.03,"Census Tract 2150.03, St. Louis County, Missouri",29189215003,140,0,29,189,20,,215003,4308,4308,221,213,228,149,202,486,512,634,653,442,344,224,4308,3605,371,3,252,0,6,71,1990,1666,324
Census Tract 2150.04,"Census Tract 2150.04, St. Louis County, Missouri",29189215004,140,0,29,189,20,,215004,2761,2761,127,101,91,56,178,473,289,302,347,326,311,160,2761,2000,478,2,207,0,14,60,1554,597,957
Census Tract 2150.05,"Census Tract 2150.05, St. Louis County, Missouri",29189215005,140,0,29,189,20,,215005,5491,5491,295,239,267,174,335,897,661,763,721,485,396,258,5491,3889,776,13,652,5,40,116,2650,1624,1026
Census Tract 2151.02,"Census Tract 2151.02, St. Louis County, Missouri",29189215102,140,0,29,189,20,,215102,4746,4746,267,251,253,157,302,860,626,680,575,411,263,101,4746,3634,470,14,474,3,42,109,2190,1325,865
Census Tract 2151.03,"Census Tract 2151.03, St. Louis County, Missouri",29189215103,140,0,29,189,20,,215103,2549,2549,142,160,179,93,134,295,383,396,301,196,207,63,2549,1909,296,6,250,0,17,71,1065,686,379
Census Tract 2151.05,"Census Tract 2151.05, St. Louis County, Missouri",29189215105,140,0,29,189,20,,215105,2349,2349,120,125,122,96,191,329,293,422,323,188,109,31,2349,1864,107,9,254,1,74,40,1080,663,417
Census Tract 2151.41,"Census Tract 2151.41, St. Louis County, Missouri",29189215141,140,0,29,189,20,,215141,4193,4193,133,199,216,200,203,318,438,697,713,602,367,107,4193,3562,239,6,330,0,11,45,1916,1825,91
Census Tract 2151.42,"Census Tract 2151.42, St. Louis County, Missouri",29189215142,140,0,29,189,20,,215142,6855,6855,413,342,336,248,1163,1614,769,860,636,279,150,45,6855,4425,1166,16,736,3,273,236,3313,1144,2169
Census Tract 2151.43,"Census Tract 2151.43, St. Louis County, Missouri",29189215143,140,0,29,189,20,,215143,2975,2975,161,148,179,131,221,462,390,491,328,274,169,21,2975,2709,136,4,70,1,20,35,1206,1079,127
Census Tract 2151.44,"Census Tract 2151.44, St. Louis County, Missouri",29189215144,140,0,29,189,20,,215144,5727,5727,296,318,334,217,448,896,852,964,754,459,151,38,5727,4648,500,14,363,0,75,127,2592,1941,651
Census Tract 2152.01,"Census Tract 2152.01, St. Louis County, Missouri",29189215201,140,0,29,189,20,,215201,6430,6430,323,320,337,254,607,869,586,861,954,664,402,253,6430,5090,505,16,647,0,51,121,2467,1583,884
Census Tract 2152.02,"Census Tract 2152.02, St. Louis County, Missouri",29189215202,140,0,29,189,20,,215202,7020,7020,311,384,471,330,964,698,771,1027,912,645,387,120,7020,5664,441,10,738,7,57,103,2755,2132,623
Census Tract 2152.31,"Census Tract 2152.31, St. Louis County, Missouri",29189215231,140,0,29,189,20,,215231,4504,4504,220,269,342,210,257,346,532,729,669,478,360,92,4504,3973,179,0,245,0,41,66,1792,1422,370
Census Tract 2152.32,"Census Tract 2152.32, St. Louis County, Missouri",29189215232,140,0,29,189,20,,215232,7936,7936,271,444,569,308,301,423,764,1247,1311,962,802,534,7936,6821,138,11,831,6,17,112,3115,2678,437
Census Tract 2153.01,"Census Tract 2153.01, St. Louis County, Missouri",29189215301,140,0,29,189,20,,215301,4264,4264,188,256,304,198,187,249,482,729,626,405,459,181,4264,3645,205,2,319,1,4,88,1892,1569,323
Census Tract 2153.02,"Census Tract 2153.02, St. Louis County, Missouri",29189215302,140,0,29,189,20,,215302,3289,3289,137,202,310,177,157,145,362,598,547,350,227,77,3289,2875,103,5,244,0,9,53,1236,1157,79
Census Tract 2154,"Census Tract 2154, St. Louis County, Missouri",29189215400,140,0,29,189,20,,215400,5159,5159,252,427,470,291,195,238,598,888,865,501,329,105,5159,4876,49,2,145,4,16,67,1933,1843,90
Census Tract 2155,"Census Tract 2155, St. Louis County, Missouri",29189215500,140,0,29,189,20,,215500,4759,4759,283,365,392,238,215,277,632,762,743,433,309,110,4759,3728,485,6,387,0,49,104,1813,1636,177
Census Tract 2156,"Census Tract 2156, St. Louis County, Missouri",29189215600,140,0,29,189,20,,215600,4889,4889,354,346,378,216,465,691,657,633,543,331,214,61,4889,1659,2363,21,538,3,165,140,1952,1007,945
Census Tract 2157,"Census Tract 2157, St. Louis County, Missouri",29189215700,140,0,29,189,20,,215700,5747,5747,290,274,301,206,459,788,667,833,860,618,309,142,5747,983,4374,11,131,1,98,149,2568,1777,791
Census Tract 2158,"Census Tract 2158, St. Louis County, Missouri",29189215800,140,0,29,189,20,,215800,7801,7801,501,405,328,191,500,1264,922,917,946,631,618,578,7801,5675,1526,17,361,2,31,189,4036,1939,2097
Census Tract 2159,"Census Tract 2159, St. Louis County, Missouri",29189215900,140,0,29,189,20,,215900,7005,7005,385,373,409,326,592,966,868,974,933,636,393,150,7005,1540,5106,18,60,3,76,202,2817,2074,743
Census Tract 2160,"Census Tract 2160, St. Louis County, Missouri",29189216000,140,0,29,189,20,,216000,1753,1753,118,134,130,92,157,254,218,242,183,122,81,22,1753,173,1508,5,9,0,9,49,678,381,297
Census Tract 2161,"Census Tract 2161, St. Louis County, Missouri",29189216100,140,0,29,189,20,,216100,5479,5479,273,258,205,121,1443,1211,561,449,463,288,154,53,5479,3413,1118,17,699,2,56,174,2713,721,1992
Census Tract 2162,"Census Tract 2162, St. Louis County, Missouri",29189216200,140,0,29,189,20,,216200,7589,7589,558,470,360,195,849,1282,1071,939,983,581,228,73,7589,6171,904,21,244,2,64,183,3343,2031,1312
Census Tract 2163,"Census Tract 2163, St. Louis County, Missouri",29189216300,140,0,29,189,20,,216300,6924,6924,142,186,182,115,4481,559,327,399,301,141,70,21,6924,5293,336,10,1040,2,23,220,1190,568,622
Census Tract 2164,"Census Tract 2164, St. Louis County, Missouri",29189216400,140,0,29,189,20,,216400,5537,5537,236,375,421,272,366,759,767,829,735,367,296,114,5537,4668,104,2,614,3,31,115,2548,1576,972
Census Tract 2165,"Census Tract 2165, St. Louis County, Missouri",29189216500,140,0,29,189,20,,216500,4450,4450,99,153,170,166,517,672,617,615,577,372,308,184,4450,3190,917,16,228,0,16,83,1584,1082,502
Census Tract 2166,"Census Tract 2166, St. Louis County, Missouri",29189216600,140,0,29,189,20,,216600,1889,1889,88,139,148,97,90,162,238,306,308,166,113,34,1889,1718,28,0,128,0,0,15,827,601,226
Census Tract 2167,"Census Tract 2167, St. Louis County, Missouri",29189216700,140,0,29,189,20,,216700,3512,3512,195,125,142,104,303,779,460,472,434,219,185,94,3512,2547,781,10,90,1,20,63,1783,955,828
Census Tract 2168,"Census Tract 2168, St. Louis County, Missouri",29189216800,140,0,29,189,20,,216800,3205,3205,191,146,134,58,284,716,463,479,381,159,113,81,3205,2765,193,7,141,1,20,78,1635,863,772
Census Tract 2169,"Census Tract 2169, St. Louis County, Missouri",29189216900,140,0,29,189,20,,216900,2327,2327,154,101,88,56,298,601,340,316,228,82,41,22,2327,1700,465,6,30,8,40,78,1313,431,882
Census Tract 2170,"Census Tract 2170, St. Louis County, Missouri",29189217000,140,0,29,189,20,,217000,3942,3942,266,195,163,100,409,753,599,641,507,189,92,28,3942,3004,657,9,83,1,50,138,2015,867,1148
Census Tract 2172,"Census Tract 2172, St. Louis County, Missouri",29189217200,140,0,29,189,20,,217200,1777,1777,104,63,49,55,174,433,251,263,211,106,45,23,1777,1262,262,5,166,2,17,63,941,485,456
Census Tract 2173,"Census Tract 2173, St. Louis County, Missouri",29189217300,140,0,29,189,20,,217300,2972,2972,172,149,123,89,240,697,448,403,306,193,117,35,2972,2487,134,3,247,0,31,70,1488,907,581
Census Tract 2174,"Census Tract 2174, St. Louis County, Missouri",29189217400,140,0,29,189,20,,217400,4705,4705,285,225,227,147,359,1148,611,614,478,294,235,82,4705,4221,99,3,288,1,13,80,2466,1656,810
Census Tract 2175,"Census Tract 2175, St. Louis County, Missouri",29189217500,140,0,29,189,20,,217500,5382,5382,346,379,430,280,235,310,601,902,813,501,424,161,5382,5120,44,8,132,4,11,63,2022,1946,76
Census Tract 2176,"Census Tract 2176, St. Louis County, Missouri",29189217600,140,0,29,189,20,,217600,7115,7115,330,456,636,357,330,422,703,1323,1097,676,582,203,7115,6675,69,12,211,0,38,110,2736,2580,156
Census Tract 2177.01,"Census Tract 2177.01, St. Louis County, Missouri",29189217701,140,0,29,189,20,,217701,4808,4808,207,293,452,386,275,241,446,887,827,501,228,65,4808,4204,115,4,378,6,25,76,1653,1574,79
Census Tract 2177.02,"Census Tract 2177.02, St. Louis County, Missouri",29189217702,140,0,29,189,20,,217702,7561,7561,304,413,553,379,380,516,709,1210,1149,749,613,586,7561,6692,194,14,544,2,12,103,2575,2324,251
Census Tract 2178.02,"Census Tract 2178.02, St. Louis County, Missouri",29189217802,140,0,29,189,20,,217802,6944,6944,322,433,480,295,403,481,826,1083,1058,834,574,155,6944,6308,158,5,332,1,23,117,2751,2453,298
Census Tract 2178.06,"Census Tract 2178.06, St. Louis County, Missouri",29189217806,140,0,29,189,20,,217806,5360,5360,283,346,320,206,427,674,661,820,554,428,423,218,5360,4866,124,14,191,2,54,109,2324,1666,658
Census Tract 2178.07,"Census Tract 2178.07, St. Louis County, Missouri",29189217807,140,0,29,189,20,,217807,6089,6089,367,381,362,247,443,615,701,850,840,652,480,151,6089,5490,219,17,243,0,22,98,2482,1935,547
Census Tract 2178.41,"Census Tract 2178.41, St. Louis County, Missouri",29189217841,140,0,29,189,20,,217841,5187,5187,262,322,380,241,307,450,610,833,864,572,252,94,5187,4465,162,6,470,0,26,58,2050,1691,359
Census Tract 2178.42,"Census Tract 2178.42, St. Louis County, Missouri",29189217842,140,0,29,189,20,,217842,6965,6965,267,385,461,325,488,650,690,1149,1236,734,412,168,6965,5813,214,7,813,2,29,87,2956,2230,726
Census Tract 2178.51,"Census Tract 2178.51, St. Louis County, Missouri",29189217851,140,0,29,189,20,,217851,3229,3229,138,210,283,148,149,175,366,551,609,350,171,79,3229,2953,61,7,171,0,5,32,1153,1124,29
Census Tract 2178.52,"Census Tract 2178.52, St. Louis County, Missouri",29189217852,140,0,29,189,20,,217852,6391,6391,253,435,495,335,292,311,712,1116,1037,739,474,192,6391,5844,128,11,303,1,12,92,2363,2270,93
Census Tract 2179.21,"Census Tract 2179.21, St. Louis County, Missouri",29189217921,140,0,29,189,20,,217921,4958,4958,216,392,497,279,263,231,727,1003,697,344,170,139,4958,4468,96,6,300,4,29,55,1678,1479,199
Census Tract 2179.23,"Census Tract 2179.23, St. Louis County, Missouri",29189217923,140,0,29,189,20,,217923,7269,7269,469,554,558,355,554,979,985,1263,884,410,199,59,7269,6504,164,20,342,4,94,141,2771,2196,575
Census Tract 2179.31,"Census Tract 2179.31, St. Louis County, Missouri",29189217931,140,0,29,189,20,,217931,6600,6600,413,496,443,304,460,876,983,1087,750,463,234,91,6600,5900,195,18,290,3,43,151,2458,2118,340
Census Tract 2179.32,"Census Tract 2179.32, St. Louis County, Missouri",29189217932,140,0,29,189,20,,217932,4890,4890,340,384,360,204,261,529,813,729,473,193,289,315,4890,4027,99,9,641,1,21,92,1848,1494,354
Census Tract 2179.41,"Census Tract 2179.41, St. Louis County, Missouri",29189217941,140,0,29,189,20,,217941,5829,5829,301,379,414,290,404,649,740,996,820,502,266,68,5829,5290,166,8,236,2,25,102,2249,2008,241
Census Tract 2179.42,"Census Tract 2179.42, St. Louis County, Missouri",29189217942,140,0,29,189,20,,217942,5287,5287,337,335,337,201,374,700,760,952,785,301,155,50,5287,4626,138,6,417,0,19,81,2289,2069,220
Census Tract 2179.43,"Census Tract 2179.43, St. Louis County, Missouri",29189217943,140,0,29,189,20,,217943,3203,3203,190,251,238,174,208,310,486,590,424,199,117,16,3203,2770,66,3,294,1,11,58,1180,1094,86
Census Tract 2179.44,"Census Tract 2179.44, St. Louis County, Missouri",29189217944,140,0,29,189,20,,217944,5967,5967,365,525,602,361,341,460,968,1159,706,259,173,48,5967,5242,89,11,494,1,35,95,2068,1932,136
Census Tract 2180.03,"Census Tract 2180.03, St. Louis County, Missouri",29189218003,140,0,29,189,20,,218003,7204,7204,472,467,489,319,477,838,934,1182,1227,478,233,88,7204,6455,176,6,338,1,87,141,2889,2274,615
Census Tract 2180.11,"Census Tract 2180.11, St. Louis County, Missouri",29189218011,140,0,29,189,20,,218011,6930,6930,433,449,415,284,772,1131,760,1046,964,413,210,53,6930,5676,261,11,650,0,164,168,2870,1564,1306
Census Tract 2180.12,"Census Tract 2180.12, St. Louis County, Missouri",29189218012,140,0,29,189,20,,218012,4495,4495,241,312,394,227,207,268,547,756,821,421,212,89,4495,4164,65,2,205,2,9,48,1630,1580,50
Census Tract 2181.02,"Census Tract 2181.02, St. Louis County, Missouri",29189218102,140,0,29,189,20,,218102,2984,2984,272,216,178,88,184,567,470,435,286,162,97,29,2984,2552,161,11,162,0,22,76,1255,1068,187
Census Tract 2181.03,"Census Tract 2181.03, St. Louis County, Missouri",29189218103,140,0,29,189,20,,218103,5493,5493,288,278,230,136,671,1272,630,644,487,242,336,279,5493,4779,178,18,253,3,132,130,2702,1015,1687
Census Tract 2182.01,"Census Tract 2182.01, St. Louis County, Missouri",29189218201,140,0,29,189,20,,218201,2788,2788,146,170,191,114,160,347,332,500,474,186,117,51,2788,2604,59,5,40,0,13,67,1216,1033,183
Census Tract 2183,"Census Tract 2183, St. Louis County, Missouri",29189218300,140,0,29,189,20,,218300,4146,4146,219,237,237,146,248,573,535,604,507,328,293,219,4146,3645,323,8,69,1,25,75,1976,1298,678
Census Tract 2184.01,"Census Tract 2184.01, St. Louis County, Missouri",29189218401,140,0,29,189,20,,218401,3820,3820,218,203,268,187,222,341,417,643,589,388,247,97,3820,3661,45,5,58,0,9,42,1601,1464,137
Census Tract 2184.02,"Census Tract 2184.02, St. Louis County, Missouri",29189218402,140,0,29,189,20,,218402,4689,4689,285,324,337,187,229,473,621,817,689,384,227,116,4689,4485,71,7,56,2,7,61,1937,1706,231
Census Tract 2185,"Census Tract 2185, St. Louis County, Missouri",29189218500,140,0,29,189,20,,218500,4746,4746,305,350,323,190,212,479,630,735,707,376,286,153,4746,4556,85,2,60,1,9,33,1954,1727,227
Census Tract 2186,"Census Tract 2186, St. Louis County, Missouri",29189218600,140,0,29,189,20,,218600,2723,2723,152,174,155,103,190,330,305,362,339,242,239,132,2723,2003,591,6,36,0,25,62,1293,700,593
Census Tract 2188,"Census Tract 2188, St. Louis County, Missouri",29189218800,140,0,29,189,20,,218800,5925,5925,465,533,481,254,237,529,879,897,832,439,260,119,5925,5732,44,2,56,2,21,68,2273,2155,118
Census Tract 2189,"Census Tract 2189, St. Louis County, Missouri",29189218900,140,0,29,189,20,,218900,6269,6269,417,354,372,218,481,1142,820,918,767,397,286,97,6269,3955,1915,22,134,0,44,199,2741,2038,703
Census Tract 2191,"Census Tract 2191, St. Louis County, Missouri",29189219100,140,0,29,189,20,,219100,4032,4032,290,332,290,164,215,411,599,641,561,197,164,168,4032,3819,83,6,55,0,20,49,1654,1267,387
Census Tract 2192,"Census Tract 2192, St. Louis County, Missouri",29189219200,140,0,29,189,20,,219200,2366,2366,115,172,207,148,249,173,287,387,333,124,96,75,2366,2142,136,3,40,0,12,33,849,682,167
Census Tract 2193,"Census Tract 2193, St. Louis County, Missouri",29189219300,140,0,29,189,20,,219300,2039,2039,119,158,165,123,111,193,275,326,305,121,92,51,2039,1756,200,8,39,0,4,32,792,663,129
Census Tract 2194,"Census Tract 2194, St. Louis County, Missouri",29189219400,140,0,29,189,20,,219400,5964,5964,367,444,479,314,286,524,775,1029,966,441,246,93,5964,5760,65,7,74,1,10,47,2287,2142,145
Census Tract 2195,"Census Tract 2195, St. Louis County, Missouri",29189219500,140,0,29,189,20,,219500,7047,7047,381,369,381,258,883,703,837,941,813,430,451,600,7047,6586,184,11,129,2,24,111,2944,2220,724
Census Tract 2196,"Census Tract 2196, St. Louis County, Missouri",29189219600,140,0,29,189,20,,219600,6607,6607,294,271,246,141,657,1115,688,788,817,452,600,538,6607,5981,232,11,256,1,31,95,3350,2006,1344
Census Tract 2197,"Census Tract 2197, St. Louis County, Missouri",29189219700,140,0,29,189,20,,219700,5964,5964,348,333,348,213,581,1018,721,891,670,390,311,140,5964,5425,189,11,178,3,37,121,2675,1696,979
Census Tract 2198,"Census Tract 2198, St. Louis County, Missouri",29189219800,140,0,29,189,20,,219800,7435,7435,481,389,375,266,733,1268,892,1165,861,450,390,165,7435,6827,239,19,189,1,47,113,3268,2477,791
Census Tract 2199,"Census Tract 2199, St. Louis County, Missouri",29189219900,140,0,29,189,20,,219900,5951,5951,336,293,307,229,495,834,757,945,702,426,465,162,5951,5410,61,22,348,1,14,95,2485,2174,311
Census Tract 2200.01,"Census Tract 2200.01, St. Louis County, Missouri",29189220001,140,0,29,189,20,,220001,4991,4991,267,239,208,173,365,776,590,744,637,439,381,172,4991,4790,32,9,90,0,9,61,2249,1991,258
Census Tract 2200.02,"Census Tract 2200.02, St. Louis County, Missouri",29189220002,140,0,29,189,20,,220002,3279,3279,217,174,160,114,308,584,470,506,338,204,149,55,3279,3077,89,5,48,0,9,51,1521,928,593
Census Tract 2201,"Census Tract 2201, St. Louis County, Missouri",29189220100,140,0,29,189,20,,220100,7542,7542,461,402,384,269,552,1136,1002,1087,883,518,546,302,7542,6973,103,16,278,4,47,121,3230,2365,865
Census Tract 2202,"Census Tract 2202, St. Louis County, Missouri",29189220200,140,0,29,189,20,,220200,5702,5702,369,364,383,222,531,850,774,858,640,363,239,109,5702,5382,89,22,19,1,72,117,2151,1596,555
Census Tract 2203,"Census Tract 2203, St. Louis County, Missouri",29189220300,140,0,29,189,20,,220300,1862,1862,136,112,87,42,185,330,220,298,224,105,92,31,1862,1549,240,1,19,2,14,37,776,212,564
Census Tract 2204.31,"Census Tract 2204.31, St. Louis County, Missouri",29189220431,140,0,29,189,20,,220431,8129,8129,394,392,428,293,697,1126,895,1220,1167,748,514,255,8129,7529,172,15,214,1,79,119,3690,2593,1097
Census Tract 2204.32,"Census Tract 2204.32, St. Louis County, Missouri",29189220432,140,0,29,189,20,,220432,8049,8049,378,497,661,370,658,760,989,1472,1190,691,307,76,8049,7738,72,3,130,1,26,79,3018,2559,459
Census Tract 2204.41,"Census Tract 2204.41, St. Louis County, Missouri",29189220441,140,0,29,189,20,,220441,5898,5898,281,292,296,213,481,672,652,882,923,694,387,125,5898,5562,71,5,120,3,56,81,2538,1979,559
Census Tract 2204.42,"Census Tract 2204.42, St. Louis County, Missouri",29189220442,140,0,29,189,20,,220442,4412,4412,222,236,267,168,349,514,503,709,657,407,322,58,4412,4235,23,2,53,4,26,69,1793,1650,143
Census Tract 2204.43,"Census Tract 2204.43, St. Louis County, Missouri",29189220443,140,0,29,189,20,,220443,4255,4255,216,217,234,169,418,632,455,623,576,267,229,219,4255,4044,55,2,87,0,8,59,1857,1094,763
Census Tract 2204.44,"Census Tract 2204.44, St. Louis County, Missouri",29189220444,140,0,29,189,20,,220444,7704,7704,479,526,659,418,552,658,1036,1510,1094,502,216,54,7704,7418,44,8,157,1,9,67,2678,2581,97
Census Tract 2204.45,"Census Tract 2204.45, St. Louis County, Missouri",29189220445,140,0,29,189,20,,220445,4947,4947,216,293,378,285,342,311,550,988,909,434,177,64,4947,4783,31,4,90,0,0,39,1773,1721,52
Census Tract 2204.46,"Census Tract 2204.46, St. Louis County, Missouri",29189220446,140,0,29,189,20,,220446,4584,4584,197,229,326,266,348,351,464,932,897,371,164,39,4584,4461,24,13,39,0,5,42,1654,1623,31
Census Tract 2205.01,"Census Tract 2205.01, St. Louis County, Missouri",29189220501,140,0,29,189,20,,220501,6117,6117,319,304,325,201,453,828,759,947,742,562,503,174,6117,5779,75,13,127,1,55,67,2736,2291,445
Census Tract 2205.02,"Census Tract 2205.02, St. Louis County, Missouri",29189220502,140,0,29,189,20,,220502,6741,6741,469,338,369,210,717,1024,734,990,811,528,419,132,6741,6086,330,14,125,0,52,134,2966,1833,1133
Census Tract 2206.01,"Census Tract 2206.01, St. Louis County, Missouri",29189220601,140,0,29,189,20,,220601,6477,6477,320,295,382,275,512,693,720,1150,853,550,541,186,6477,6046,91,6,198,2,22,112,2682,2231,451
Census Tract 2206.02,"Census Tract 2206.02, St. Louis County, Missouri",29189220602,140,0,29,189,20,,220602,5365,5365,222,252,275,164,354,545,579,802,699,615,618,240,5365,5095,68,10,89,5,32,66,2518,1941,577
Census Tract 2207.01,"Census Tract 2207.01, St. Louis County, Missouri",29189220701,140,0,29,189,20,,220701,2573,2573,147,128,135,101,191,377,303,426,332,213,162,58,2573,2443,44,4,14,2,23,43,1238,698,540
Census Tract 2207.02,"Census Tract 2207.02, St. Louis County, Missouri",29189220702,140,0,29,189,20,,220702,3653,3653,199,189,200,120,215,420,390,546,488,351,393,142,3653,3506,12,11,80,1,7,36,1643,1444,199
Census Tract 2207.03,"Census Tract 2207.03, St. Louis County, Missouri",29189220703,140,0,29,189,20,,220703,2589,2589,132,169,164,89,162,241,313,409,380,277,200,53,2589,2448,30,3,54,0,6,48,1099,967,132
Census Tract 2208.01,"Census Tract 2208.01, St. Louis County, Missouri",29189220801,140,0,29,189,20,,220801,5348,5348,237,232,261,138,510,691,571,786,740,465,477,240,5348,4960,159,11,123,0,36,59,2682,1611,1071
Census Tract 2208.02,"Census Tract 2208.02, St. Louis County, Missouri",29189220802,140,0,29,189,20,,220802,4738,4738,239,259,255,174,300,532,515,742,608,456,493,165,4738,4373,81,5,189,2,19,69,2180,1590,590
Census Tract 2208.03,"Census Tract 2208.03, St. Louis County, Missouri",29189220803,140,0,29,189,20,,220803,4761,4761,205,273,297,269,303,345,489,806,702,463,449,160,4761,4521,25,2,140,0,12,61,1917,1819,98
Census Tract 2210,"Census Tract 2210, St. Louis County, Missouri",29189221000,140,0,29,189,20,,221000,3354,3354,293,230,220,146,286,569,394,447,327,243,141,58,3354,2323,820,7,69,3,41,91,1294,880,414
Census Tract 2211,"Census Tract 2211, St. Louis County, Missouri",29189221100,140,0,29,189,20,,221100,1833,1833,86,118,158,92,91,112,215,303,295,203,107,53,1833,1734,36,4,42,0,1,16,726,659,67
Census Tract 2212.01,"Census Tract 2212.01, St. Louis County, Missouri",29189221201,140,0,29,189,20,,221201,3303,3303,123,194,173,124,148,158,298,511,521,317,399,337,3303,3118,21,5,97,0,16,46,1408,1014,394
Census Tract 2212.02,"Census Tract 2212.02, St. Louis County, Missouri",29189221202,140,0,29,189,20,,221202,6067,6067,207,326,403,257,320,419,643,984,834,706,634,334,6067,5807,56,10,99,2,14,79,2676,2094,582
Census Tract 2213.01,"Census Tract 2213.01, St. Louis County, Missouri",29189221301,140,0,29,189,20,,221301,7345,7345,326,397,456,308,513,725,792,1220,1024,806,636,142,7345,7002,71,7,134,3,29,99,3165,2529,636
Census Tract 2213.02,"Census Tract 2213.02, St. Louis County, Missouri",29189221302,140,0,29,189,20,,221302,6619,6619,346,353,377,215,606,892,676,917,837,753,496,151,6619,6139,251,7,98,2,38,84,2962,1867,1095
Census Tract 2213.32,"Census Tract 2213.32, St. Louis County, Missouri",29189221332,140,0,29,189,20,,221332,4433,4433,254,269,288,174,308,499,582,739,624,394,203,99,4433,4188,19,7,163,1,15,40,1755,1575,180
Census Tract 2213.35,"Census Tract 2213.35, St. Louis County, Missouri",29189221335,140,0,29,189,20,,221335,5830,5830,280,310,347,217,524,632,632,914,998,624,280,72,5830,5553,98,7,84,6,20,62,2455,1799,656
Census Tract 2214.21,"Census Tract 2214.21, St. Louis County, Missouri",29189221421,140,0,29,189,20,,221421,6679,6679,364,542,608,358,467,565,979,1373,984,283,121,35,6679,6301,56,9,231,1,14,67,2295,2193,102
Census Tract 2214.22,"Census Tract 2214.22, St. Louis County, Missouri",29189221422,140,0,29,189,20,,221422,8870,8870,624,690,720,419,586,897,1237,1522,1185,633,240,117,8870,8346,98,13,238,5,17,153,3255,2815,440
Census Tract 2214.23,"Census Tract 2214.23, St. Louis County, Missouri",29189221423,140,0,29,189,20,,221423,4035,4035,168,217,287,196,259,312,450,795,705,351,212,83,4035,3854,15,8,84,7,13,54,1556,1348,208
Census Tract 2214.24,"Census Tract 2214.24, St. Louis County, Missouri",29189221424,140,0,29,189,20,,221424,4996,4996,300,391,428,263,352,478,732,843,566,332,188,123,4996,4743,28,4,138,1,21,61,1725,1450,275
Census Tract 2215.02,"Census Tract 2215.02, St. Louis County, Missouri",29189221502,140,0,29,189,20,,221502,6537,6537,352,540,585,407,411,530,949,1244,815,423,191,90,6537,6281,46,11,79,5,17,98,2268,2055,213
Census Tract 2215.03,"Census Tract 2215.03, St. Louis County, Missouri",29189221503,140,0,29,189,20,,221503,7235,7235,440,553,557,306,591,1000,1239,1208,709,320,210,102,7235,6413,520,28,130,3,21,120,2111,1746,365
Census Tract 2215.06,"Census Tract 2215.06, St. Louis County, Missouri",29189221506,140,0,29,189,20,,221506,5028,5028,319,469,582,286,285,418,868,963,484,229,101,24,5028,4575,93,1,261,0,20,78,1703,1417,286
Census Tract 2216.21,"Census Tract 2216.21, St. Louis County, Missouri",29189221621,140,0,29,189,20,,221621,4376,4376,157,261,426,292,270,199,480,934,817,345,157,38,4376,4171,50,11,60,0,29,55,1532,1430,102
Census Tract 2216.24,"Census Tract 2216.24, St. Louis County, Missouri",29189221624,140,0,29,189,20,,221624,3393,3393,147,198,289,194,185,192,369,661,497,244,216,201,3393,3069,50,7,205,0,18,44,1345,1009,336
Census Tract 2216.25,"Census Tract 2216.25, St. Louis County, Missouri",29189221625,140,0,29,189,20,,221625,6762,6762,391,535,591,411,486,577,1083,1246,908,326,144,64,6762,6166,129,10,319,3,30,105,2464,2103,361
Census Tract 2216.26,"Census Tract 2216.26, St. Louis County, Missouri",29189221626,140,0,29,189,20,,221626,5978,5978,272,478,644,390,348,231,785,1215,1037,393,149,36,5978,5498,93,11,284,4,12,76,1943,1908,35
Census Tract 2216.27,"Census Tract 2216.27, St. Louis County, Missouri",29189221627,140,0,29,189,20,,221627,6513,6513,299,641,870,514,319,216,926,1568,783,263,97,17,6513,5956,162,6,267,1,22,99,1945,1909,36
Census Tract 2216.28,"Census Tract 2216.28, St. Louis County, Missouri",29189221628,140,0,29,189,20,,221628,6717,6717,272,287,266,152,544,1067,758,897,912,590,532,440,6717,5667,193,13,642,0,83,119,3447,1646,1801
Census Tract 2216.29,"Census Tract 2216.29, St. Louis County, Missouri",29189221629,140,0,29,189,20,,221629,5587,5587,265,501,654,390,258,235,728,1220,786,383,145,22,5587,4962,63,13,437,0,49,63,1801,1743,58
Census Tract 2218,"Census Tract 2218, St. Louis County, Missouri",29189221800,140,0,29,189,20,,221800,3565,3565,296,311,322,205,343,496,391,508,372,180,115,26,3565,304,3172,3,7,4,35,40,1236,613,623
Census Tract 2219,"Census Tract 2219, St. Louis County, Missouri",29189221900,140,0,29,189,20,,221900,3744,3744,213,187,210,124,211,488,418,558,532,293,334,176,3744,3541,63,6,46,6,15,67,1497,1320,177
Census Tract 2220,"Census Tract 2220, St. Louis County, Missouri",29189222000,140,0,29,189,20,,222000,3818,3818,110,164,201,134,288,223,301,649,609,385,408,346,3818,3693,26,1,73,0,9,16,1613,1146,467
Census Tract 2221,"Census Tract 2221, St. Louis County, Missouri",29189222100,140,0,29,189,20,,222100,4978,4978,272,427,514,291,243,311,833,971,635,298,140,43,4978,4643,54,19,159,1,21,81,1800,1677,123
Census Tract 1011,"Census Tract 1011, St. Louis city, Missouri",29510101100,140,0,29,510,19,,101100,2600,2600,153,144,131,66,185,425,352,408,319,166,173,78,2600,2284,87,20,120,0,28,61,1150,1023,127
Census Tract 1012,"Census Tract 1012, St. Louis city, Missouri",29510101200,140,0,29,510,19,,101200,3100,3100,212,157,128,73,183,542,411,479,351,257,216,91,3100,2779,98,6,140,0,26,51,1437,1194,243
Census Tract 1013,"Census Tract 1013, St. Louis city, Missouri",29510101300,140,0,29,510,19,,101300,4336,4336,281,247,232,120,309,769,618,702,544,262,175,77,4336,3692,373,6,76,1,83,105,2027,1303,724
Census Tract 1014,"Census Tract 1014, St. Louis city, Missouri",29510101400,140,0,29,510,19,,101400,2703,2703,203,142,158,72,224,460,387,470,298,154,102,33,2703,1749,694,29,44,1,86,100,1221,754,467
Census Tract 1015,"Census Tract 1015, St. Louis city, Missouri",29510101500,140,0,29,510,19,,101500,3126,3126,260,189,163,97,367,556,393,534,300,145,83,39,3126,1960,945,23,30,0,38,130,1372,545,827
Census Tract 1018,"Census Tract 1018, St. Louis city, Missouri",29510101800,140,0,29,510,19,,101800,3092,3092,249,174,188,125,264,458,460,511,350,175,96,42,3092,1977,853,12,32,1,98,119,1241,600,641
Census Tract 1021,"Census Tract 1021, St. Louis city, Missouri",29510102100,140,0,29,510,19,,102100,2780,2780,165,98,84,43,194,691,311,437,342,183,140,92,2780,2512,153,12,37,1,16,49,1578,662,916
Census Tract 1022,"Census Tract 1022, St. Louis city, Missouri",29510102200,140,0,29,510,19,,102200,6028,6028,328,273,239,185,393,1049,798,992,775,438,386,172,6028,5701,136,8,65,1,24,93,2892,2280,612
Census Tract 1023,"Census Tract 1023, St. Louis city, Missouri",29510102300,140,0,29,510,19,,102300,1846,1846,101,97,77,32,127,359,247,300,209,107,129,61,1846,1701,50,1,49,0,14,31,886,747,139
Census Tract 1024,"Census Tract 1024, St. Louis city, Missouri",29510102400,140,0,29,510,19,,102400,2478,2478,166,126,122,92,212,507,345,405,285,120,65,33,2478,2120,210,11,31,0,35,71,1111,721,390
Census Tract 1025,"Census Tract 1025, St. Louis city, Missouri",29510102500,140,0,29,510,19,,102500,1918,1918,130,87,77,46,150,398,289,297,230,105,77,32,1918,1722,106,6,21,1,14,48,918,649,269
Census Tract 1031,"Census Tract 1031, St. Louis city, Missouri",29510103100,140,0,29,510,19,,103100,3299,3299,176,139,130,68,263,658,408,563,419,204,170,101,3299,2924,218,8,46,1,45,57,1785,870,915
Census Tract 1034,"Census Tract 1034, St. Louis city, Missouri",29510103400,140,0,29,510,19,,103400,1968,1968,112,92,96,52,138,450,296,293,251,91,64,33,1968,1831,56,6,16,2,17,40,904,669,235
Census Tract 1036,"Census Tract 1036, St. Louis city, Missouri",29510103600,140,0,29,510,19,,103600,1329,1329,74,58,57,40,106,261,203,199,172,70,68,21,1329,1183,77,12,19,0,4,34,646,473,173
Census Tract 1037,"Census Tract 1037, St. Louis city, Missouri",29510103700,140,0,29,510,19,,103700,2531,2531,174,94,74,46,197,646,360,358,314,127,89,52,2531,2260,129,3,55,3,30,51,1310,868,442
Census Tract 1038,"Census Tract 1038, St. Louis city, Missouri",29510103800,140,0,29,510,19,,103800,3819,3819,222,170,187,85,269,721,527,641,514,243,172,68,3819,3536,115,7,54,0,27,80,1778,1428,350
Census Tract 1042,"Census Tract 1042, St. Louis city, Missouri",29510104200,140,0,29,510,19,,104200,3401,3401,159,108,101,38,356,1048,448,386,381,166,146,64,3401,2964,202,7,124,0,33,71,1853,941,912
Census Tract 1045,"Census Tract 1045, St. Louis city, Missouri",29510104500,140,0,29,510,19,,104500,1846,1846,95,35,48,37,219,506,260,256,203,88,63,36,1846,1423,249,4,94,0,18,58,1015,474,541
Census Tract 1051.98,"Census Tract 1051.98, St. Louis city, Missouri",29510105198,140,0,29,510,19,,105198,3463,3463,131,83,86,81,831,733,342,352,430,219,123,52,3463,2453,541,5,355,1,19,89,1839,776,1063
Census Tract 1052,"Census Tract 1052, St. Louis city, Missouri",29510105200,140,0,29,510,19,,105200,2675,2675,141,84,78,53,351,679,347,332,299,165,111,35,2675,995,1388,18,169,4,13,88,1434,609,825
Census Tract 1053,"Census Tract 1053, St. Louis city, Missouri",29510105300,140,0,29,510,19,,105300,2203,2203,161,98,110,90,257,266,260,401,247,178,92,43,2203,133,1997,4,7,1,6,55,1072,307,765
Census Tract 1054,"Census Tract 1054, St. Louis city, Missouri",29510105400,140,0,29,510,19,,105400,2507,2507,233,282,211,147,347,380,261,277,190,96,66,17,2507,223,1973,6,60,0,172,73,918,214,704
Census Tract 1055,"Census Tract 1055, St. Louis city, Missouri",29510105500,140,0,29,510,19,,105500,2922,2922,216,189,217,161,311,319,314,426,335,203,163,68,2922,83,2754,5,3,0,11,66,1127,556,571
Census Tract 1061,"Census Tract 1061, St. Louis city, Missouri",29510106100,140,0,29,510,19,,106100,2427,2427,173,191,206,137,253,256,253,376,209,156,154,63,2427,26,2360,6,2,1,1,31,942,399,543
Census Tract 1062,"Census Tract 1062, St. Louis city, Missouri",29510106200,140,0,29,510,19,,106200,1738,1738,232,183,130,99,215,192,170,192,136,95,71,23,1738,18,1679,2,8,0,0,31,587,212,375
Census Tract 1063,"Census Tract 1063, St. Louis city, Missouri",29510106300,140,0,29,510,19,,106300,1966,1966,143,163,143,101,194,242,234,303,209,114,94,26,1966,16,1914,4,1,0,3,28,781,345,436
Census Tract 1064,"Census Tract 1064, St. Louis city, Missouri",29510106400,140,0,29,510,19,,106400,2392,2392,187,125,143,110,227,271,291,407,267,169,136,59,2392,22,2317,11,0,1,5,36,1016,436,580
Census Tract 1065,"Census Tract 1065, St. Louis city, Missouri",29510106500,140,0,29,510,19,,106500,3267,3267,182,194,178,161,305,409,379,481,366,253,245,114,3267,104,3112,12,2,0,0,37,1115,492,623
Census Tract 1066,"Census Tract 1066, St. Louis city, Missouri",29510106600,140,0,29,510,19,,106600,1783,1783,105,136,146,134,201,191,179,256,197,114,90,34,1783,15,1736,5,5,0,5,17,660,284,376
Census Tract 1067,"Census Tract 1067, St. Louis city, Missouri",29510106700,140,0,29,510,19,,106700,3515,3515,261,236,275,189,334,408,368,542,408,218,185,91,3515,50,3380,4,5,0,1,75,1451,669,782
Census Tract 1072,"Census Tract 1072, St. Louis city, Missouri",29510107200,140,0,29,510,19,,107200,1342,1342,107,102,111,82,156,156,169,193,129,88,42,7,1342,20,1302,0,0,0,0,20,485,247,238
Census Tract 1073,"Census Tract 1073, St. Louis city, Missouri",29510107300,140,0,29,510,19,,107300,4983,4983,313,303,330,288,501,532,571,709,650,434,281,71,4983,54,4869,2,4,0,4,50,1840,1223,617
Census Tract 1074,"Census Tract 1074, St. Louis city, Missouri",29510107400,140,0,29,510,19,,107400,2788,2788,212,230,237,165,331,305,316,351,309,205,108,19,2788,33,2693,5,2,0,14,41,931,509,422
Census Tract 1075,"Census Tract 1075, St. Louis city, Missouri",29510107500,140,0,29,510,19,,107500,2711,2711,159,172,168,142,292,295,323,366,333,273,142,46,2711,37,2639,4,0,3,1,27,1048,614,434
Census Tract 1076,"Census Tract 1076, St. Louis city, Missouri",29510107600,140,0,29,510,19,,107600,2225,2225,141,141,157,105,204,267,281,337,241,197,131,23,2225,7,2199,4,0,0,0,15,929,474,455
Census Tract 1081,"Census Tract 1081, St. Louis city, Missouri",29510108100,140,0,29,510,19,,108100,3403,3403,237,228,257,205,323,411,361,532,438,231,137,43,3403,142,3197,3,2,1,13,45,1226,856,370
Census Tract 1082,"Census Tract 1082, St. Louis city, Missouri",29510108200,140,0,29,510,19,,108200,2698,2698,127,115,187,136,242,247,315,437,417,270,148,57,2698,99,2581,3,0,0,3,12,1103,620,483
Census Tract 1083,"Census Tract 1083, St. Louis city, Missouri",29510108300,140,0,29,510,19,,108300,2267,2267,150,154,183,126,234,287,296,349,304,116,51,17,2267,123,2090,2,0,0,7,45,880,548,332
Census Tract 1096,"Census Tract 1096, St. Louis city, Missouri",29510109600,140,0,29,510,19,,109600,3316,3316,233,215,214,196,321,361,403,469,338,301,188,77,3316,16,3238,10,2,1,2,47,1313,629,684
Census Tract 1097,"Census Tract 1097, St. Louis city, Missouri",29510109700,140,0,29,510,19,,109700,2487,2487,213,181,181,145,292,289,298,342,279,170,80,17,2487,115,2297,11,14,0,4,46,903,385,518
Census Tract 1101,"Census Tract 1101, St. Louis city, Missouri",29510110100,140,0,29,510,19,,110100,2984,2984,199,195,203,170,312,337,332,420,345,218,175,78,2984,34,2887,5,1,0,15,42,1173,607,566
Census Tract 1102,"Census Tract 1102, St. Louis city, Missouri",29510110200,140,0,29,510,19,,110200,2654,2654,185,186,202,156,280,297,301,368,298,186,144,51,2654,44,2537,7,4,0,8,54,1018,440,578
Census Tract 1103,"Census Tract 1103, St. Louis city, Missouri",29510110300,140,0,29,510,19,,110300,2483,2483,165,177,157,144,255,280,282,354,327,149,135,58,2483,20,2414,4,0,0,2,43,1078,426,652
Census Tract 1104,"Census Tract 1104, St. Louis city, Missouri",29510110400,140,0,29,510,19,,110400,2539,2539,184,152,193,141,279,306,307,367,298,124,132,56,2539,35,2456,8,0,0,3,37,985,458,527
Census Tract 1105,"Census Tract 1105, St. Louis city, Missouri",29510110500,140,0,29,510,19,,110500,1562,1562,71,92,114,72,175,174,169,251,224,126,69,25,1562,30,1510,2,0,0,2,18,606,258,348
Census Tract 1111,"Census Tract 1111, St. Louis city, Missouri",29510111100,140,0,29,510,19,,111100,1556,1556,88,82,100,84,158,147,192,266,242,96,69,32,1556,46,1465,1,3,0,7,34,575,279,296
Census Tract 1112,"Census Tract 1112, St. Louis city, Missouri",29510111200,140,0,29,510,19,,111200,1276,1276,79,61,85,80,202,118,157,210,150,68,45,21,1276,77,1185,1,1,0,1,11,473,214,259
Census Tract 1113,"Census Tract 1113, St. Louis city, Missouri",29510111300,140,0,29,510,19,,111300,1554,1554,83,90,93,69,177,142,161,202,200,162,112,63,1554,13,1516,3,0,0,0,22,735,222,513
Census Tract 1114,"Census Tract 1114, St. Louis city, Missouri",29510111400,140,0,29,510,19,,111400,1643,1643,124,114,155,116,184,167,214,208,176,88,74,23,1643,16,1608,1,1,0,5,12,610,248,362
Census Tract 1115,"Census Tract 1115, St. Louis city, Missouri",29510111500,140,0,29,510,19,,111500,1010,1010,69,60,80,65,133,108,133,155,93,50,47,17,1010,23,966,1,4,0,1,15,338,160,178
Census Tract 1121,"Census Tract 1121, St. Louis city, Missouri",29510112100,140,0,29,510,19,,112100,4285,4285,129,106,104,75,659,1158,454,576,588,269,115,52,4285,2809,1055,10,275,1,33,102,2482,927,1555
Census Tract 1122,"Census Tract 1122, St. Louis city, Missouri",29510112200,140,0,29,510,19,,112200,1586,1586,135,91,101,90,190,198,174,270,172,72,60,33,1586,54,1501,2,2,0,1,26,612,235,377
Census Tract 1123,"Census Tract 1123, St. Louis city, Missouri",29510112300,140,0,29,510,19,,112300,2415,2415,186,217,216,154,255,255,283,306,229,143,123,48,2415,26,2334,8,2,0,10,35,944,311,633
Census Tract 1124,"Census Tract 1124, St. Louis city, Missouri",29510112400,140,0,29,510,19,,112400,4023,4023,109,49,43,21,978,1078,388,376,484,269,160,68,4023,2741,645,5,516,0,12,104,2370,659,1711
Census Tract 1135,"Census Tract 1135, St. Louis city, Missouri",29510113500,140,0,29,510,19,,113500,2331,2331,101,69,98,64,185,411,288,365,323,161,169,97,2331,2200,65,5,20,1,7,33,1256,791,465
Census Tract 1141.01,"Census Tract 1141.01, St. Louis city, Missouri",29510114101,140,0,29,510,19,,114101,4281,4281,325,170,140,87,455,1075,643,598,428,141,141,78,4281,3060,832,15,157,2,88,127,2257,983,1274
Census Tract 1141.02,"Census Tract 1141.02, St. Louis city, Missouri",29510114102,140,0,29,510,19,,114102,4128,4128,240,212,204,126,277,735,553,692,503,269,216,101,4128,3871,129,5,63,1,7,52,2075,1168,907
Census Tract 1142,"Census Tract 1142, St. Louis city, Missouri",29510114200,140,0,29,510,19,,114200,4721,4721,284,169,160,111,395,1117,662,712,502,281,201,127,4721,3949,433,9,168,0,53,109,2463,1487,976
Census Tract 1143,"Census Tract 1143, St. Louis city, Missouri",29510114300,140,0,29,510,19,,114300,5485,5485,418,228,227,164,378,1286,855,827,541,267,205,89,5485,4914,312,14,104,1,53,87,2560,1879,681
Census Tract 1151,"Census Tract 1151, St. Louis city, Missouri",29510115100,140,0,29,510,19,,115100,4287,4287,247,208,223,143,417,670,532,650,420,296,277,204,4287,3221,589,18,126,2,136,195,1829,1009,820
Census Tract 1152,"Census Tract 1152, St. Louis city, Missouri",29510115200,140,0,29,510,19,,115200,3149,3149,242,195,160,124,313,566,511,510,325,113,67,23,3149,1635,981,8,250,2,130,143,1422,525,897
Census Tract 1153,"Census Tract 1153, St. Louis city, Missouri",29510115300,140,0,29,510,19,,115300,4958,4958,410,317,312,193,488,942,678,690,535,240,112,41,4958,2697,1350,24,531,0,191,165,1939,1255,684
Census Tract 1154,"Census Tract 1154, St. Louis city, Missouri",29510115400,140,0,29,510,19,,115400,3122,3122,241,179,196,128,281,560,472,484,316,141,88,36,3122,2241,509,5,102,0,138,127,1255,812,443
Census Tract 1155,"Census Tract 1155, St. Louis city, Missouri",29510115500,140,0,29,510,19,,115500,5625,5625,485,399,406,285,590,953,779,829,547,201,113,38,5625,2228,2899,15,81,2,187,213,2256,992,1264
Census Tract 1156,"Census Tract 1156, St. Louis city, Missouri",29510115600,140,0,29,510,19,,115600,5279,5279,429,318,306,197,495,765,576,710,560,329,310,284,5279,2409,2356,24,131,3,176,180,2279,671,1608
Census Tract 1157,"Census Tract 1157, St. Louis city, Missouri",29510115700,140,0,29,510,19,,115700,3567,3567,331,282,211,157,407,640,469,509,295,126,85,55,3567,1245,1927,13,170,0,92,120,1360,432,928
Census Tract 1161,"Census Tract 1161, St. Louis city, Missouri",29510116100,140,0,29,510,19,,116100,3274,3274,235,169,149,104,340,695,555,492,286,139,87,23,3274,1553,1027,6,378,1,175,134,1489,702,787
Census Tract 1162,"Census Tract 1162, St. Louis city, Missouri",29510116200,140,0,29,510,19,,116200,4325,4325,276,182,167,131,427,1077,717,600,429,187,95,37,4325,2780,1190,13,141,0,52,149,2109,1115,994
Census Tract 1163.01,"Census Tract 1163.01, St. Louis city, Missouri",29510116301,140,0,29,510,19,,116301,2999,2999,193,141,137,89,318,643,504,442,303,128,79,22,2999,1965,642,9,248,3,38,94,1343,657,686
Census Tract 1163.02,"Census Tract 1163.02, St. Louis city, Missouri",29510116302,140,0,29,510,19,,116302,3007,3007,285,220,167,116,315,566,441,436,262,121,58,20,3007,814,1376,15,511,0,152,139,1239,295,944
Census Tract 1164,"Census Tract 1164, St. Louis city, Missouri",29510116400,140,0,29,510,19,,116400,4891,4891,460,390,369,264,544,769,665,687,446,185,91,21,4891,1215,3050,15,236,1,164,210,1825,583,1242
Census Tract 1165,"Census Tract 1165, St. Louis city, Missouri",29510116500,140,0,29,510,19,,116500,3844,3844,288,235,223,135,405,815,520,567,392,159,76,29,3844,1649,1752,10,221,0,109,103,1682,681,1001
Census Tract 1171,"Census Tract 1171, St. Louis city, Missouri",29510117100,140,0,29,510,19,,117100,1537,1537,65,35,43,21,173,512,229,184,176,54,27,18,1537,1076,356,3,26,3,13,60,993,204,789
Census Tract 1172,"Census Tract 1172, St. Louis city, Missouri",29510117200,140,0,29,510,19,,117200,5359,5359,430,357,306,220,516,1182,846,704,482,195,98,23,5359,2517,2521,12,78,1,48,182,2319,1038,1281
Census Tract 1174,"Census Tract 1174, St. Louis city, Missouri",29510117400,140,0,29,510,19,,117400,4235,4235,227,196,212,157,414,779,549,625,561,232,145,138,4235,2404,1569,11,94,2,37,118,1872,928,944
Census Tract 1181,"Census Tract 1181, St. Louis city, Missouri",29510118100,140,0,29,510,19,,118100,1324,1324,107,61,87,56,204,205,171,208,144,55,22,4,1324,355,903,4,12,0,13,37,534,220,314
Census Tract 1184,"Census Tract 1184, St. Louis city, Missouri",29510118400,140,0,29,510,19,,118400,1159,1159,3,2,1,0,781,64,51,78,101,45,27,6,1159,728,297,2,91,0,10,31,380,1,379
Census Tract 1186,"Census Tract 1186, St. Louis city, Missouri",29510118600,140,0,29,510,19,,118600,3421,3421,137,109,91,74,1250,598,348,313,277,111,73,40,3421,1635,1406,5,281,4,35,55,1352,426,926
Census Tract 1191.01,"Census Tract 1191.01, St. Louis city, Missouri",29510119101,140,0,29,510,19,,119101,2584,2584,51,30,17,13,331,641,255,335,489,230,126,66,2584,1346,873,6,292,0,9,58,1843,447,1396
Census Tract 1191.02,"Census Tract 1191.02, St. Louis city, Missouri",29510119102,140,0,29,510,19,,119102,2994,2994,56,39,18,10,530,927,283,315,409,220,133,54,2994,1913,643,4,350,1,25,58,1863,490,1373
Census Tract 1192,"Census Tract 1192, St. Louis city, Missouri",29510119200,140,0,29,510,19,,119200,1703,1703,78,57,69,44,168,297,196,250,275,152,82,35,1703,623,966,6,56,0,9,43,878,442,436
Census Tract 1193,"Census Tract 1193, St. Louis city, Missouri",29510119300,140,0,29,510,19,,119300,5454,5454,46,44,61,75,3734,381,181,258,285,166,159,64,5454,3313,1272,9,732,3,39,86,1725,42,1683
Census Tract 1202,"Census Tract 1202, St. Louis city, Missouri",29510120200,140,0,29,510,19,,120200,1271,1271,99,98,123,77,124,164,132,161,124,47,58,64,1271,121,1129,0,6,0,2,13,433,129,304
Census Tract 1211,"Census Tract 1211, St. Louis city, Missouri",29510121100,140,0,29,510,19,,121100,1941,1941,63,76,67,51,407,189,183,237,241,176,159,92,1941,267,1615,3,26,0,1,29,988,12,976
Census Tract 1212,"Census Tract 1212, St. Louis city, Missouri",29510121200,140,0,29,510,19,,121200,2474,2474,324,288,235,167,289,315,274,195,165,112,85,25,2474,19,2410,4,2,1,10,28,955,76,879
Census Tract 1231,"Census Tract 1231, St. Louis city, Missouri",29510123100,140,0,29,510,19,,123100,3351,3351,279,212,219,143,310,583,516,527,334,132,74,22,3351,964,2199,9,42,0,62,75,1423,672,751
Census Tract 1232,"Census Tract 1232, St. Louis city, Missouri",29510123200,140,0,29,510,19,,123200,2298,2298,130,97,73,61,207,568,325,325,288,151,58,15,2298,1374,791,5,34,0,12,82,1255,487,768
Census Tract 1233,"Census Tract 1233, St. Louis city, Missouri",29510123300,140,0,29,510,19,,123300,2586,2586,146,99,88,65,260,778,387,388,235,88,42,10,2586,1681,776,7,27,0,20,75,1340,560,780
Census Tract 1241,"Census Tract 1241, St. Louis city, Missouri",29510124100,140,0,29,510,19,,124100,4644,4644,404,399,434,300,534,763,572,588,336,190,94,30,4644,1060,3213,18,66,0,131,156,1645,538,1107
Census Tract 1242,"Census Tract 1242, St. Louis city, Missouri",29510124200,140,0,29,510,19,,124200,3201,3201,284,288,251,172,321,570,471,412,232,118,56,26,3201,938,1855,2,59,1,172,174,1249,414,835
Census Tract 1243,"Census Tract 1243, St. Louis city, Missouri",29510124300,140,0,29,510,19,,124300,3131,3131,191,139,107,95,280,773,496,484,298,144,84,40,3131,2034,866,10,30,1,55,135,1560,749,811
Census Tract 1246,"Census Tract 1246, St. Louis city, Missouri",29510124600,140,0,29,510,19,,124600,1845,1845,180,173,121,92,214,295,204,301,164,61,25,15,1845,578,1144,2,34,1,36,50,748,224,524
Census Tract 1255,"Census Tract 1255, St. Louis city, Missouri",29510125500,140,0,29,510,19,,125500,2885,2885,95,34,27,18,325,1058,455,452,269,93,41,18,2885,1738,929,9,126,0,30,53,1648,511,1137
Census Tract 1256,"Census Tract 1256, St. Louis city, Missouri",29510125600,140,0,29,510,19,,125600,4113,4113,107,45,32,47,668,1452,585,602,407,107,51,10,4113,2012,1729,19,206,2,41,104,2448,344,2104
Census Tract 1257,"Census Tract 1257, St. Louis city, Missouri",29510125700,140,0,29,510,19,,125700,3329,3329,478,419,297,164,381,545,279,335,246,109,60,16,3329,59,3210,12,8,0,5,35,1391,72,1319
Census Tract 1266,"Census Tract 1266, St. Louis city, Missouri",29510126600,140,0,29,510,19,,126600,3543,3543,308,263,259,220,398,570,531,507,298,117,57,15,3543,663,2776,20,12,1,16,55,1146,309,837
Census Tract 1267,"Census Tract 1267, St. Louis city, Missouri",29510126700,140,0,29,510,19,,126700,1258,1258,84,106,114,77,120,149,185,172,155,60,32,4,1258,284,946,2,3,0,2,21,502,201,301
Census Tract 1268,"Census Tract 1268, St. Louis city, Missouri",29510126800,140,0,29,510,19,,126800,3698,3698,211,128,130,89,347,944,502,566,476,162,94,49,3698,3081,356,16,66,1,59,119,1789,1169,620
Census Tract 1269,"Census Tract 1269, St. Louis city, Missouri",29510126900,140,0,29,510,19,,126900,5016,5016,273,267,313,358,728,494,523,729,540,350,314,127,5016,52,4878,7,3,5,18,53,1874,1163,711
Census Tract 1270,"Census Tract 1270, St. Louis city, Missouri",29510127000,140,0,29,510,19,,127000,2470,2470,142,112,105,159,866,371,196,236,177,55,38,13,2470,349,1967,3,6,0,130,15,654,216,438
Census Tract 1271,"Census Tract 1271, St. Louis city, Missouri",29510127100,140,0,29,510,19,,127100,2234,2234,148,172,176,126,206,261,227,256,324,167,117,54,2234,60,2131,3,0,0,0,40,927,253,674
Census Tract 1272,"Census Tract 1272, St. Louis city, Missouri",29510127200,140,0,29,510,19,,127200,4075,4075,217,138,102,80,397,986,564,622,454,228,193,94,4075,3100,651,12,195,0,34,83,2100,1031,1069
Census Tract 1273,"Census Tract 1273, St. Louis city, Missouri",29510127300,140,0,29,510,19,,127300,3769,3769,271,220,223,155,463,619,454,561,451,183,111,58,3769,1040,2523,10,86,0,21,89,1643,682,961
Census Tract 1274,"Census Tract 1274, St. Louis city, Missouri",29510127400,140,0,29,510,19,,127400,4795,4795,552,455,383,220,465,946,529,443,456,225,93,28,4795,1206,3438,8,48,1,21,73,2046,608,1438
Census Tract 1275,"Census Tract 1275, St. Louis city, Missouri",29510127500,140,0,29,510,19,,127500,2237,2237,158,158,125,85,279,531,288,231,202,135,33,12,2237,521,1649,1,21,1,6,38,1264,174,1090
Census Tract 1276,"Census Tract 1276, St. Louis city, Missouri",29510127600,140,0,29,510,19,,127600,3239,3239,132,73,61,44,408,1101,446,421,323,149,65,16,3239,2440,668,6,32,0,12,81,1909,507,1402